angle_abs_mean,angle_abs_mean_pre,angle_abs_p95,angle_abs_p95_pre,cte_abs_mean,cte_abs_mean_pre,cte_abs_p95,cte_abs_p95_pre,entry_id,entry_index,episode_folder,fail_stop_idx,is_success,map,model,num_segments,perturbation,pid_dev_mean,pid_dev_mean_pre,pid_dev_p95,pid_dev_p95_pre,pid_mae_steer,pid_mae_steer_pre,pid_mae_throttle,pid_mae_throttle_pre,pid_n,pid_n_pre,road,run_id,run_ts,severity,sim,task_id,test_type,timeout,track_error_name,xte_abs_mean,xte_abs_mean_pre,xte_abs_p95,xte_abs_p95_pre
49.583399514563105,49.583399514563105,105.07725,105.07725,0.7408927184466019,0.7408927184466019,3.3131,3.3131,0001_00,0,0001,206,0,genroads,dave2_gru,0,baseline,0.12842827796811032,0.12842827796811032,0.873684869108409,0.873684869108409,0.1263101416802739,0.1263101416802739,0.007463177611816277,0.007463177611816277,206.0,206.0,random_001,dave2_gru_20251221_193038,2025-12-21T19:30:38,0,udacity,random_001,robustness,0,cte,0.7408927184466019,0.7408927184466019,3.3131,3.3131
50.81976735751296,50.81976735751296,107.61507999999999,107.61507999999999,1.0295932642487045,1.0295932642487045,3.5568199999999996,3.5568199999999996,0002_00,0,0002,193,0,genroads,dave2_gru,0,dynamic_rain_filter,0.1934017358344196,0.1934017358344196,0.9387856689028635,0.9387856689028635,0.19119253431789462,0.19119253431789462,0.008332013311781414,0.008332013311781414,193.0,193.0,random_001,dave2_gru_20251221_193038,2025-12-21T19:30:38,2,udacity,random_001,robustness,0,cte,1.0295932642487045,1.0295932642487045,3.5568199999999996,3.5568199999999996
53.20123554502369,53.20123554502369,104.4345,104.4345,0.7389042654028435,0.7389042654028435,2.8285,2.8285,0002_01,1,0002,211,0,genroads,dave2_gru,0,dynamic_rain_filter,0.14787441236788182,0.14787441236788182,0.8880107713690126,0.8880107713690126,0.1449445093506329,0.1449445093506329,0.007540364506967824,0.007540364506967824,211.0,211.0,random_001,dave2_gru_20251221_193038,2025-12-21T19:30:38,4,udacity,random_001,robustness,0,cte,0.7389042654028435,0.7389042654028435,2.8285,2.8285
40.944727338129496,40.944727338129496,107.19751,107.19751,0.6342812949640287,0.6342812949640287,3.4194399999999994,3.4194399999999994,0003_00,0,0003,139,0,genroads,dave2_gru,0,dynamic_snow_filter,0.128297174989192,0.128297174989192,0.8994226900459028,0.8994226900459028,0.1253742683668815,0.1253742683668815,0.008693736877372796,0.008693736877372796,139.0,139.0,random_001,dave2_gru_20251221_193038,2025-12-21T19:30:38,2,udacity,random_001,robustness,0,cte,0.6342812949640287,0.6342812949640287,3.4194399999999994,3.4194399999999994
62.09737538461538,62.09737538461538,106.643445,106.643445,1.0382411538461538,1.0382411538461538,2.76095,2.76095,0003_01,1,0003,260,0,genroads,dave2_gru,0,dynamic_snow_filter,0.2169703382274342,0.2169703382274342,0.7771128287735455,0.7771128287735455,0.21539309194150308,0.21539309194150308,0.007577831727954057,0.007577831727954057,260.0,260.0,random_001,dave2_gru_20251221_193038,2025-12-21T19:30:38,4,udacity,random_001,robustness,0,cte,1.0382411538461538,1.0382411538461538,2.76095,2.76095
50.00179285714285,50.00179285714285,103.60145,103.60145,0.7793081632653064,0.7793081632653064,3.45685,3.45685,0004_00,0,0004,196,0,genroads,dave2_gru,0,frost_filter,0.13595347318503506,0.13595347318503506,0.8235364603313186,0.8235364603313186,0.13320539382462182,0.13320539382462182,0.008045224967051526,0.008045224967051526,196.0,196.0,random_001,dave2_gru_20251221_193038,2025-12-21T19:30:38,2,udacity,random_001,robustness,0,cte,0.7793081632653064,0.7793081632653064,3.45685,3.45685
49.26173756613756,49.26173756613756,108.38996,108.38996,0.5697671957671958,0.5697671957671958,1.8047199999999985,1.8047199999999985,0004_01,1,0004,189,0,genroads,dave2_gru,0,frost_filter,0.10076237820679725,0.10076237820679725,0.6113201348284125,0.6113201348284125,0.09851276690248774,0.09851276690248774,0.00768338258146609,0.00768338258146609,189.0,189.0,random_001,dave2_gru_20251221_193038,2025-12-21T19:30:38,4,udacity,random_001,robustness,0,cte,0.5697671957671958,0.5697671957671958,1.8047199999999985,1.8047199999999985
18.769026168224297,18.769026168224297,109.3733099999999,109.3733099999999,0.34857289719626167,0.34857289719626167,2.2859599999999958,2.2859599999999958,0005_00,0,0005,107,0,genroads,dave2_gru,0,fog_filter,0.9049762540998741,0.9049762540998741,1.4082630282121524,1.4082630282121524,0.904187164225868,0.904187164225868,0.014289104144706905,0.014289104144706905,107.0,107.0,random_001,dave2_gru_20251221_193038,2025-12-21T19:30:38,2,udacity,random_001,robustness,0,cte,0.34857289719626167,0.34857289719626167,2.2859599999999958,2.2859599999999958
44.24885428571428,44.24885428571428,111.91046,111.91046,0.5972095238095239,0.5972095238095239,2.8140399999999994,2.8140399999999994,0005_01,1,0005,105,0,genroads,dave2_gru,0,fog_filter,0.2829071245983413,0.2829071245983413,1.2157014049688115,1.2157014049688115,0.2799153331622836,0.2799153331622836,0.011200825444289617,0.011200825444289617,105.0,105.0,random_001,dave2_gru_20251221_193038,2025-12-21T19:30:38,4,udacity,random_001,robustness,0,cte,0.5972095238095239,0.5972095238095239,2.8140399999999994,2.8140399999999994
47.359067955801095,47.359067955801095,110.9492,110.9492,0.7284999999999999,0.7284999999999999,2.4164,2.4164,0006_00,0,0006,181,0,genroads,dave2_gru,0,dynamic_sun_filter,0.15910481677296295,0.15910481677296295,0.6476484567463549,0.6476484567463549,0.1570396685808156,0.1570396685808156,0.007991556181104144,0.007991556181104144,181.0,181.0,random_001,dave2_gru_20251221_193038,2025-12-21T19:30:38,2,udacity,random_001,robustness,0,cte,0.7284999999999999,0.7284999999999999,2.4164,2.4164
21.569161764705886,21.569161764705886,104.08378999999988,104.08378999999988,0.4123343137254902,0.4123343137254902,2.046274999999997,2.046274999999997,0006_01,1,0006,102,0,genroads,dave2_gru,0,dynamic_sun_filter,0.9008458049003926,0.9008458049003926,1.5001188845252624,1.5001188845252624,0.8994015657249381,0.8994015657249381,0.018392979660454917,0.018392979660454917,102.0,102.0,random_001,dave2_gru_20251221_193038,2025-12-21T19:30:38,4,udacity,random_001,robustness,0,cte,0.4123343137254902,0.4123343137254902,2.046274999999997,2.046274999999997
18.342008653846154,18.342008653846154,105.39724999999993,105.39724999999993,0.3449153846153846,0.3449153846153846,2.2032649999999983,2.2032649999999983,0007_00,0,0007,104,0,genroads,dave2_gru,0,dynamic_lightning_filter,0.9064986497054124,0.9064986497054124,1.4534689005545545,1.4534689005545545,0.9055993553125657,0.9055993553125657,0.014447049094507327,0.014447049094507327,104.0,104.0,random_001,dave2_gru_20251221_193038,2025-12-21T19:30:38,2,udacity,random_001,robustness,0,cte,0.3449153846153846,0.3449153846153846,2.2032649999999983,2.2032649999999983
48.16310558659218,48.16310558659218,109.55627999999999,109.55627999999999,0.7310318435754191,0.7310318435754191,2.45684,2.45684,0007_01,1,0007,179,0,genroads,dave2_gru,0,dynamic_lightning_filter,0.14177109923925785,0.14177109923925785,0.6232654081899743,0.6232654081899743,0.13902781942863193,0.13902781942863193,0.00911375006150933,0.00911375006150933,179.0,179.0,random_001,dave2_gru_20251221_193038,2025-12-21T19:30:38,4,udacity,random_001,robustness,0,cte,0.7310318435754191,0.7310318435754191,2.45684,2.45684
52.294452551020406,52.294452551020406,105.632975,105.632975,0.8302913265306122,0.8302913265306122,3.3499499999999998,3.3499499999999998,0008_00,0,0008,196,0,genroads,dave2_gru,0,dynamic_smoke_filter,0.1434642879316956,0.1434642879316956,0.8807467518333351,0.8807467518333351,0.1413715872806687,0.1413715872806687,0.007626315160673492,0.007626315160673492,196.0,196.0,random_001,dave2_gru_20251221_193038,2025-12-21T19:30:38,2,udacity,random_001,robustness,0,cte,0.8302913265306122,0.8302913265306122,3.3499499999999998,3.3499499999999998
57.36981421800948,57.36981421800948,107.66955,107.66955,1.0485165876777252,1.0485165876777252,3.07475,3.07475,0008_01,1,0008,211,0,genroads,dave2_gru,0,dynamic_smoke_filter,0.212064428343768,0.212064428343768,0.9712932241419823,0.9712932241419823,0.21001026703274292,0.21001026703274292,0.008371296440255586,0.008371296440255586,211.0,211.0,random_001,dave2_gru_20251221_193038,2025-12-21T19:30:38,4,udacity,random_001,robustness,0,cte,1.0485165876777252,1.0485165876777252,3.07475,3.07475
46.654940909090904,46.654940909090904,103.74865,103.74865,0.6877289772727273,0.6877289772727273,2.8819999999999997,2.8819999999999997,0009_00,0,0009,176,0,genroads,dave2_gru,0,motion_blur,0.16855590899198655,0.16855590899198655,1.1507747120666227,1.1507747120666227,0.16619789302818722,0.16619789302818722,0.006973562762141228,0.006973562762141228,176.0,176.0,random_001,dave2_gru_20251221_193038,2025-12-21T19:30:38,2,udacity,random_001,robustness,0,cte,0.6877289772727273,0.6877289772727273,2.8819999999999997,2.8819999999999997
44.54588953488373,44.54588953488373,107.30837999999981,107.30837999999981,0.6918674418604651,0.6918674418604651,2.56008,2.56008,0009_01,1,0009,172,0,genroads,dave2_gru,0,motion_blur,0.13308518475431189,0.13308518475431189,0.7096716161482859,0.7096716161482859,0.13089716749341596,0.13089716749341596,0.008895073345927306,0.008895073345927306,172.0,172.0,random_001,dave2_gru_20251221_193038,2025-12-21T19:30:38,4,udacity,random_001,robustness,0,cte,0.6918674418604651,0.6918674418604651,2.56008,2.56008
54.588408333333334,54.588408333333334,105.70741999999998,105.70741999999998,1.0183200000000001,1.0183200000000001,3.587015,3.587015,0010_00,0,0010,240,0,genroads,dave2_gru,0,defocus_blur,0.20200130730311636,0.20200130730311636,0.9278606354097529,0.9278606354097529,0.19993518117892867,0.19993518117892867,0.008471927233040332,0.008471927233040332,240.0,240.0,random_001,dave2_gru_20251221_193038,2025-12-21T19:30:38,2,udacity,random_001,robustness,0,cte,1.0183200000000001,1.0183200000000001,3.587015,3.587015
42.34423975903615,42.34423975903615,103.01445,103.01445,0.5380927710843374,0.5380927710843374,1.84915,1.84915,0010_01,1,0010,166,0,genroads,dave2_gru,0,defocus_blur,0.1022160592378932,0.1022160592378932,0.715152569559334,0.715152569559334,0.10067599121458738,0.10067599121458738,0.0053359694240323035,0.0053359694240323035,166.0,166.0,random_001,dave2_gru_20251221_193038,2025-12-21T19:30:38,4,udacity,random_001,robustness,0,cte,0.5380927710843374,0.5380927710843374,1.84915,1.84915
44.777810169491524,44.777810169491524,99.92038,99.92038,0.6480887005649717,0.6480887005649717,2.824159999999999,2.824159999999999,0011_00,0,0011,177,0,genroads,dave2_gru,0,gaussian_blur,0.1653140613690437,0.1653140613690437,1.2039101153177147,1.2039101153177147,0.16329990896872523,0.16329990896872523,0.006355949966920971,0.006355949966920971,177.0,177.0,random_001,dave2_gru_20251221_193038,2025-12-21T19:30:38,2,udacity,random_001,robustness,0,cte,0.6480887005649717,0.6480887005649717,2.824159999999999,2.824159999999999
45.71885410628019,45.71885410628019,105.04511,105.04511,0.6642309178743961,0.6642309178743961,2.8806999999999996,2.8806999999999996,0011_01,1,0011,207,0,genroads,dave2_gru,0,gaussian_blur,0.13745783115186358,0.13745783115186358,0.9892245625686459,0.9892245625686459,0.13553508333434408,0.13553508333434408,0.007358006161192189,0.007358006161192189,207.0,207.0,random_001,dave2_gru_20251221_193038,2025-12-21T19:30:38,4,udacity,random_001,robustness,0,cte,0.6642309178743961,0.6642309178743961,2.8806999999999996,2.8806999999999996
16.333942424242426,16.333942424242426,107.34228999999999,107.34228999999999,0.3051666666666667,0.3051666666666667,2.139579999999998,2.139579999999998,0012_00,0,0012,99,0,genroads,dave2_gru,0,gaussian_noise,0.9122231704019969,0.9122231704019969,1.4724695484217565,1.4724695484217565,0.9114119551906531,0.9114119551906531,0.014272264684691574,0.014272264684691574,99.0,99.0,random_001,dave2_gru_20251221_193038,2025-12-21T19:30:38,2,udacity,random_001,robustness,0,cte,0.3051666666666667,0.3051666666666667,2.139579999999998,2.139579999999998
52.73755132743362,52.73755132743362,106.1058,106.1058,0.9616526548672567,0.9616526548672567,3.2799750000000003,3.2799750000000003,0012_01,1,0012,226,0,genroads,dave2_gru,0,gaussian_noise,0.18214027843465483,0.18214027843465483,0.8251886782245254,0.8251886782245254,0.18036898245738275,0.18036898245738275,0.008163181553899715,0.008163181553899715,226.0,226.0,random_001,dave2_gru_20251221_193038,2025-12-21T19:30:38,4,udacity,random_001,robustness,0,cte,0.9616526548672567,0.9616526548672567,3.2799750000000003,3.2799750000000003
50.37874,50.37874,107.80336,107.80336,0.8276409999999998,0.8276409999999998,3.187584999999999,3.187584999999999,0013_00,0,0013,200,0,genroads,dave2_gru,0,poisson_noise,0.16106915151029846,0.16106915151029846,0.8269028310812644,0.8269028310812644,0.15910532060283003,0.15910532060283003,0.00787856087088585,0.00787856087088585,200.0,200.0,random_001,dave2_gru_20251221_193038,2025-12-21T19:30:38,2,udacity,random_001,robustness,0,cte,0.8276409999999998,0.8276409999999998,3.187584999999999,3.187584999999999
42.27878901098901,42.27878901098901,96.60864500000001,96.60864500000001,0.42409560439560434,0.42409560439560434,1.7431149999999997,1.7431149999999997,0013_01,1,0013,182,0,genroads,dave2_gru,0,poisson_noise,0.08054979364838338,0.08054979364838338,0.1978173718369128,0.1978173718369128,0.07889064987174717,0.07889064987174717,0.005123944932615364,0.005123944932615364,182.0,182.0,random_001,dave2_gru_20251221_193038,2025-12-21T19:30:38,4,udacity,random_001,robustness,0,cte,0.42409560439560434,0.42409560439560434,1.7431149999999997,1.7431149999999997
50.29609811320754,50.29609811320754,104.03799499999998,104.03799499999998,0.8621457547169813,0.8621457547169813,3.089914999999999,3.089914999999999,0014_00,0,0014,212,0,genroads,dave2_gru,0,impulse_noise,0.15426741086859105,0.15426741086859105,0.8657371941264957,0.8657371941264957,0.1512848024842997,0.1512848024842997,0.008767183870077133,0.008767183870077133,212.0,212.0,random_001,dave2_gru_20251221_193038,2025-12-21T19:30:38,2,udacity,random_001,robustness,0,cte,0.8621457547169813,0.8621457547169813,3.089914999999999,3.089914999999999
44.99503177966101,44.99503177966101,102.6536,102.6536,0.6089550847457628,0.6089550847457628,2.799,2.799,0014_01,1,0014,236,0,genroads,dave2_gru,0,impulse_noise,0.11521439712095781,0.11521439712095781,0.7408616940027793,0.7408616940027793,0.113347907970912,0.113347907970912,0.006797042848952746,0.006797042848952746,236.0,236.0,random_001,dave2_gru_20251221_193038,2025-12-21T19:30:38,4,udacity,random_001,robustness,0,cte,0.6089550847457628,0.6089550847457628,2.799,2.799
52.587395089285714,52.587395089285714,110.40876499999999,110.40876499999999,0.9314633928571429,0.9314633928571429,3.3088699999999998,3.3088699999999998,0015_00,0,0015,224,0,genroads,dave2_gru,0,speckle_noise_filter,0.17717596660622775,0.17717596660622775,0.8653746507431374,0.8653746507431374,0.17419483995763585,0.17419483995763585,0.009427358662443501,0.009427358662443501,224.0,224.0,random_001,dave2_gru_20251221_193038,2025-12-21T19:30:38,2,udacity,random_001,robustness,0,cte,0.9314633928571429,0.9314633928571429,3.3088699999999998,3.3088699999999998
45.69712910798122,45.69712910798122,99.89575999999997,99.89575999999997,0.5488046948356807,0.5488046948356807,2.1828199999999995,2.1828199999999995,0015_01,1,0015,213,0,genroads,dave2_gru,0,speckle_noise_filter,0.09293302948176468,0.09293302948176468,0.3241771750058201,0.3241771750058201,0.09129252695115589,0.09129252695115589,0.0055504444759216665,0.0055504444759216665,213.0,213.0,random_001,dave2_gru_20251221_193038,2025-12-21T19:30:38,4,udacity,random_001,robustness,0,cte,0.5488046948356807,0.5488046948356807,2.1828199999999995,2.1828199999999995
47.160149999999994,47.160149999999994,101.28779,101.28779,0.6967803921568626,0.6967803921568626,3.125794999999999,3.125794999999999,0016_00,0,0016,204,0,genroads,dave2_gru,0,jpeg_filter,0.12879648906875552,0.12879648906875552,0.8954352905679682,0.8954352905679682,0.12598696589816874,0.12598696589816874,0.008387292790062287,0.008387292790062287,204.0,204.0,random_001,dave2_gru_20251221_193038,2025-12-21T19:30:38,2,udacity,random_001,robustness,0,cte,0.6967803921568626,0.6967803921568626,3.125794999999999,3.125794999999999
48.20390150753769,48.20390150753769,101.14538999999999,101.14538999999999,0.6873733668341709,0.6873733668341709,3.10716,3.10716,0016_01,1,0016,199,0,genroads,dave2_gru,0,jpeg_filter,0.13404630745981846,0.13404630745981846,0.9589841786920804,0.9589841786920804,0.13102644117988982,0.13102644117988982,0.009946447333798337,0.009946447333798337,199.0,199.0,random_001,dave2_gru_20251221_193038,2025-12-21T19:30:38,4,udacity,random_001,robustness,0,cte,0.6873733668341709,0.6873733668341709,3.10716,3.10716
56.6353911764706,56.6353911764706,112.27653,112.27653,0.9427966386554623,0.9427966386554623,2.9738799999999994,2.9738799999999994,0017_00,0,0017,238,0,genroads,dave2_gru,0,pixelate,0.1790631267583671,0.1790631267583671,0.8282951517177447,0.8282951517177447,0.17731458316517978,0.17731458316517978,0.008140149862826372,0.008140149862826372,238.0,238.0,random_001,dave2_gru_20251221_193038,2025-12-21T19:30:38,2,udacity,random_001,robustness,0,cte,0.9427966386554623,0.9427966386554623,2.9738799999999994,2.9738799999999994
45.84407966101695,45.84407966101695,100.54368,100.54368,0.666439548022599,0.666439548022599,2.952099999999999,2.952099999999999,0017_01,1,0017,177,0,genroads,dave2_gru,0,pixelate,0.16943818544915412,0.16943818544915412,1.0955068910517185,1.0955068910517185,0.16751611226180432,0.16751611226180432,0.006116744783301812,0.006116744783301812,177.0,177.0,random_001,dave2_gru_20251221_193038,2025-12-21T19:30:38,4,udacity,random_001,robustness,0,cte,0.666439548022599,0.666439548022599,2.952099999999999,2.952099999999999
18.566042307692307,18.566042307692307,101.59100999999995,101.59100999999995,0.33113942307692307,0.33113942307692307,2.1762599999999974,2.1762599999999974,0018_00,0,0018,104,0,genroads,dave2_gru,0,increase_brightness,0.8959150136410431,0.8959150136410431,1.4615461073617106,1.4615461073617106,0.894780985104332,0.894780985104332,0.016766810288222935,0.016766810288222935,104.0,104.0,random_001,dave2_gru_20251221_193038,2025-12-21T19:30:38,2,udacity,random_001,robustness,0,cte,0.33113942307692307,0.33113942307692307,2.1762599999999974,2.1762599999999974
49.09388461538461,49.09388461538461,102.86435,102.86435,0.7151358974358974,0.7151358974358974,2.870439999999998,2.870439999999998,0018_01,1,0018,195,0,genroads,dave2_gru,0,increase_brightness,0.13084024179700174,0.13084024179700174,0.9617463257461255,0.9617463257461255,0.12970250467650402,0.12970250467650402,0.007133519840546144,0.007133519840546144,195.0,195.0,random_001,dave2_gru_20251221_193038,2025-12-21T19:30:38,4,udacity,random_001,robustness,0,cte,0.7151358974358974,0.7151358974358974,2.870439999999998,2.870439999999998
53.57955213270142,53.57955213270142,106.0566,106.0566,0.9471289099526067,0.9471289099526067,2.9945500000000003,2.9945500000000003,0019_00,0,0019,211,0,genroads,dave2_gru,0,contrast,0.17611890314895637,0.17611890314895637,0.8740744811043213,0.8740744811043213,0.17393663135396925,0.17393663135396925,0.008251355157644262,0.008251355157644262,211.0,211.0,random_001,dave2_gru_20251221_193038,2025-12-21T19:30:38,2,udacity,random_001,robustness,0,cte,0.9471289099526067,0.9471289099526067,2.9945500000000003,2.9945500000000003
45.45303096774193,45.45303096774193,108.59540999999994,108.59540999999994,0.6782522580645161,0.6782522580645161,2.4953399999999997,2.4953399999999997,0019_01,1,0019,155,0,genroads,dave2_gru,0,contrast,0.12601300522718736,0.12601300522718736,0.42027333144787016,0.42027333144787016,0.12193453644642667,0.12193453644642667,0.011405800955910837,0.011405800955910837,155.0,155.0,random_001,dave2_gru_20251221_193038,2025-12-21T19:30:38,4,udacity,random_001,robustness,0,cte,0.6782522580645161,0.6782522580645161,2.4953399999999997,2.4953399999999997
47.31951854304635,47.31951854304635,104.13579999999999,104.13579999999999,0.6884741721854305,0.6884741721854305,2.91125,2.91125,0020_00,0,0020,151,0,genroads,dave2_gru,0,white_balance_filter,0.16473267294747282,0.16473267294747282,1.3469407589102862,1.3469407589102862,0.1588611889288249,0.1588611889288249,0.011540528362160487,0.011540528362160487,151.0,151.0,random_001,dave2_gru_20251221_193038,2025-12-21T19:30:38,2,udacity,random_001,robustness,0,cte,0.6884741721854305,0.6884741721854305,2.91125,2.91125
46.63572105263158,46.63572105263158,104.698405,104.698405,0.6688960526315789,0.6688960526315789,2.983969999999999,2.983969999999999,0020_01,1,0020,152,0,genroads,dave2_gru,0,white_balance_filter,0.16513217350182674,0.16513217350182674,1.3252477721150961,1.3252477721150961,0.1597969969612007,0.1597969969612007,0.011215517689522943,0.011215517689522943,152.0,152.0,random_001,dave2_gru_20251221_193038,2025-12-21T19:30:38,4,udacity,random_001,robustness,0,cte,0.6688960526315789,0.6688960526315789,2.983969999999999,2.983969999999999
47.1471453416149,47.1471453416149,114.7178,114.7178,0.6457900621118011,0.6457900621118011,2.5585,2.5585,0021_00,0,0021,161,0,genroads,dave2_gru,0,saturation_filter,0.1435336720103637,0.1435336720103637,1.1451622213420607,1.1451622213420607,0.1412958634036784,0.1412958634036784,0.00810765442640885,0.00810765442640885,161.0,161.0,random_001,dave2_gru_20251221_193038,2025-12-21T19:30:38,2,udacity,random_001,robustness,0,cte,0.6457900621118011,0.6457900621118011,2.5585,2.5585
47.45629404761904,47.45629404761904,102.25686,102.25686,0.6506815476190477,0.6506815476190477,2.8793550000000008,2.8793550000000008,0021_01,1,0021,168,0,genroads,dave2_gru,0,saturation_filter,0.1674445635564988,0.1674445635564988,1.206013649935569,1.206013649935569,0.16455938163701267,0.16455938163701267,0.011207919878264269,0.011207919878264269,168.0,168.0,random_001,dave2_gru_20251221_193038,2025-12-21T19:30:38,4,udacity,random_001,robustness,0,cte,0.6506815476190477,0.6506815476190477,2.8793550000000008,2.8793550000000008
47.58910322580645,47.58910322580645,107.00041999999998,107.00041999999998,0.6512296774193549,0.6512296774193549,2.8400399999999966,2.8400399999999966,0022_00,0,0022,155,0,genroads,dave2_gru,0,saturation_decrease_filter,0.15323576178573145,0.15323576178573145,1.3188872339001025,1.3188872339001025,0.1465441038411471,0.1465441038411471,0.011698348099185574,0.011698348099185574,155.0,155.0,random_001,dave2_gru_20251221_193038,2025-12-21T19:30:38,2,udacity,random_001,robustness,0,cte,0.6512296774193549,0.6512296774193549,2.8400399999999966,2.8400399999999966
41.915512162162166,41.915512162162166,113.42090499999999,113.42090499999999,0.595808108108108,0.595808108108108,3.4832649999999994,3.4832649999999994,0022_01,1,0022,74,0,genroads,dave2_gru,0,saturation_decrease_filter,0.2371830920522231,0.2371830920522231,1.2213752432723082,1.2213752432723082,0.23261813376400922,0.23261813376400922,0.015001502290770814,0.015001502290770814,74.0,74.0,random_001,dave2_gru_20251221_193038,2025-12-21T19:30:38,4,udacity,random_001,robustness,0,cte,0.595808108108108,0.595808108108108,3.4832649999999994,3.4832649999999994
45.97538177570094,45.97538177570094,103.76107999999999,103.76107999999999,0.7395682242990653,0.7395682242990653,2.6344099999999995,2.6344099999999995,0023_00,0,0023,214,0,genroads,dave2_gru,0,posterize_filter,0.1352490116778388,0.1352490116778388,0.9052065277529743,0.9052065277529743,0.13330908636992284,0.13330908636992284,0.006894635123627208,0.006894635123627208,214.0,214.0,random_001,dave2_gru_20251221_193038,2025-12-21T19:30:38,2,udacity,random_001,robustness,0,cte,0.7395682242990653,0.7395682242990653,2.6344099999999995,2.6344099999999995
54.33425536480687,54.33425536480687,96.77472,96.77472,0.7294304721030043,0.7294304721030043,2.952599999999998,2.952599999999998,0023_01,1,0023,233,0,genroads,dave2_gru,0,posterize_filter,0.21340591616416482,0.21340591616416482,0.8114119380834889,0.8114119380834889,0.21068559434462755,0.21068559434462755,0.01785030196792578,0.01785030196792578,233.0,233.0,random_001,dave2_gru_20251221_193038,2025-12-21T19:30:38,4,udacity,random_001,robustness,0,cte,0.7294304721030043,0.7294304721030043,2.952599999999998,2.952599999999998
43.751654237288136,43.751654237288136,94.83596,94.83596,0.22293072033898303,0.22293072033898303,0.5406,0.5406,0024_00,0,0024,472,1,genroads,dave2_gru,0,histogram_equalisation,0.03385615838375086,0.03385615838375086,0.0773120955679058,0.0773120955679058,0.0326778893206087,0.0326778893206087,0.004000577160109908,0.004000577160109908,472.0,472.0,random_001,dave2_gru_20251221_193038,2025-12-21T19:30:38,2,udacity,random_001,robustness,0,cte,0.22293072033898303,0.22293072033898303,0.5406,0.5406
48.27616503496503,48.27616503496503,97.51557999999999,97.51557999999999,0.317432634032634,0.317432634032634,0.8734599999999995,0.8734599999999995,0024_01,1,0024,429,1,genroads,dave2_gru,0,histogram_equalisation,0.041414514775849544,0.041414514775849544,0.11776882947368869,0.11776882947368869,0.039996681571015456,0.039996681571015456,0.004707382379711925,0.004707382379711925,429.0,429.0,random_001,dave2_gru_20251221_193038,2025-12-21T19:30:38,4,udacity,random_001,robustness,0,cte,0.317432634032634,0.317432634032634,0.8734599999999995,0.8734599999999995
40.04097760869565,40.04097760869565,101.43186999999996,101.43186999999996,0.15236391304347824,0.15236391304347824,0.37953499999999996,0.37953499999999996,0025_00,0,0025,460,1,genroads,dave2_gru,0,grayscale_filter,0.018257718738846716,0.018257718738846716,0.049817448173515515,0.049817448173515515,0.017092649774681574,0.017092649774681574,0.0033290156041798384,0.0033290156041798384,460.0,460.0,random_001,dave2_gru_20251221_193038,2025-12-21T19:30:38,2,udacity,random_001,robustness,0,cte,0.15236391304347824,0.15236391304347824,0.37953499999999996,0.37953499999999996
54.070710328638505,54.070710328638505,104.54977500000001,104.54977500000001,0.5663072769953051,0.5663072769953051,2.8504750000000003,2.8504750000000003,0025_01,1,0025,426,0,genroads,dave2_gru,0,grayscale_filter,0.12407863151800969,0.12407863151800969,0.669050098250277,0.669050098250277,0.12288642747430437,0.12288642747430437,0.008252177964633619,0.008252177964633619,426.0,426.0,random_001,dave2_gru_20251221_193038,2025-12-21T19:30:38,4,udacity,random_001,robustness,0,cte,0.5663072769953051,0.5663072769953051,2.8504750000000003,2.8504750000000003
49.95444977973568,49.95444977973568,107.70575,107.70575,0.7319127753303964,0.7319127753303964,2.6333099999999994,2.6333099999999994,0026_00,0,0026,227,0,genroads,dave2_gru,0,low_pass_filter,0.13430472997685583,0.13430472997685583,0.723771874196823,0.723771874196823,0.13184343499751014,0.13184343499751014,0.00793433504482723,0.00793433504482723,227.0,227.0,random_001,dave2_gru_20251221_193038,2025-12-21T19:30:38,2,udacity,random_001,robustness,0,cte,0.7319127753303964,0.7319127753303964,2.6333099999999994,2.6333099999999994
43.75712013274337,43.75712013274337,98.11895999999999,98.11895999999999,0.1969402654867257,0.1969402654867257,0.5019499999999999,0.5019499999999999,0026_01,1,0026,452,1,genroads,dave2_gru,0,low_pass_filter,0.025976717105655148,0.025976717105655148,0.06095122953532074,0.06095122953532074,0.025263407590347797,0.025263407590347797,0.0030084891261252683,0.0030084891261252683,452.0,452.0,random_001,dave2_gru_20251221_193038,2025-12-21T19:30:38,4,udacity,random_001,robustness,0,cte,0.1969402654867257,0.1969402654867257,0.5019499999999999,0.5019499999999999
39.52820843373493,39.52820843373493,101.12660999999999,101.12660999999999,0.7428530120481929,0.7428530120481929,2.9434099999999983,2.9434099999999983,0027_00,0,0027,83,0,genroads,dave2_gru,0,phase_scrambling,0.2993090156069213,0.2993090156069213,1.209093435349933,1.209093435349933,0.29140442165445135,0.29140442165445135,0.014725444726197117,0.014725444726197117,83.0,83.0,random_001,dave2_gru_20251221_193038,2025-12-21T19:30:38,2,udacity,random_001,robustness,0,cte,0.7428530120481929,0.7428530120481929,2.9434099999999983,2.9434099999999983
19.947967605633803,19.947967605633803,104.9628,104.9628,0.4200774647887324,0.4200774647887324,2.4779999999999998,2.4779999999999998,0027_01,1,0027,71,0,genroads,dave2_gru,0,phase_scrambling,0.8729519109115338,0.8729519109115338,1.226331377157543,1.226331377157543,0.8718093420923229,0.8718093420923229,0.01876347281143699,0.01876347281143699,71.0,71.0,random_001,dave2_gru_20251221_193038,2025-12-21T19:30:38,4,udacity,random_001,robustness,0,cte,0.4200774647887324,0.4200774647887324,2.4779999999999998,2.4779999999999998
44.43843295711061,44.43843295711061,98.11030999999998,98.11030999999998,0.19283227990970656,0.19283227990970656,0.44249,0.44249,0028_00,0,0028,443,1,genroads,dave2_gru,0,elastic,0.02282211032348678,0.02282211032348678,0.054248600811207415,0.054248600811207415,0.02189855615711013,0.02189855615711013,0.002951244401070657,0.002951244401070657,443.0,443.0,random_001,dave2_gru_20251221_193038,2025-12-21T19:30:38,2,udacity,random_001,robustness,0,cte,0.19283227990970656,0.19283227990970656,0.44249,0.44249
43.907683734939766,43.907683734939766,103.201375,103.201375,0.6150493975903614,0.6150493975903614,2.418125,2.418125,0028_01,1,0028,166,0,genroads,dave2_gru,0,elastic,0.10512771436540128,0.10512771436540128,0.3783892024672676,0.3783892024672676,0.10229590930835714,0.10229590930835714,0.007338451782622969,0.007338451782622969,166.0,166.0,random_001,dave2_gru_20251221_193038,2025-12-21T19:30:38,4,udacity,random_001,robustness,0,cte,0.6150493975903614,0.6150493975903614,2.418125,2.418125
17.743227522935783,17.743227522935783,110.44075999999998,110.44075999999998,0.32493486238532115,0.32493486238532115,2.230319999999999,2.230319999999999,0029_00,0,0029,109,0,genroads,dave2_gru,0,cutout_filter,0.9305011606692202,0.9305011606692202,1.4094054594240433,1.4094054594240433,0.9296298583503813,0.9296298583503813,0.014596401756509728,0.014596401756509728,109.0,109.0,random_001,dave2_gru_20251221_193038,2025-12-21T19:30:38,2,udacity,random_001,robustness,0,cte,0.32493486238532115,0.32493486238532115,2.230319999999999,2.230319999999999
53.59033941908713,53.59033941908713,107.8911,107.8911,0.758260580912863,0.758260580912863,2.6374,2.6374,0029_01,1,0029,241,0,genroads,dave2_gru,0,cutout_filter,0.15147621715425844,0.15147621715425844,0.7503347732181446,0.7503347732181446,0.14892509959265746,0.14892509959265746,0.008860630814094267,0.008860630814094267,241.0,241.0,random_001,dave2_gru_20251221_193038,2025-12-21T19:30:38,4,udacity,random_001,robustness,0,cte,0.758260580912863,0.758260580912863,2.6374,2.6374
61.90428102893891,61.90428102893891,104.09555,104.09555,1.0093379421221864,1.0093379421221864,2.4573,2.4573,0030_00,0,0030,311,0,genroads,dave2_gru,0,sample_pairing_filter,0.2187916884250189,0.2187916884250189,0.6903001310805245,0.6903001310805245,0.21572162337914963,0.21572162337914963,0.009995613642444182,0.009995613642444182,311.0,311.0,random_001,dave2_gru_20251221_193038,2025-12-21T19:30:38,2,udacity,random_001,robustness,0,cte,1.0093379421221864,1.0093379421221864,2.4573,2.4573
60.83222814814815,60.83222814814815,113.48826,113.48826,1.554862962962963,1.554862962962963,3.72838,3.72838,0030_01,1,0030,135,0,genroads,dave2_gru,0,sample_pairing_filter,0.536284897806607,0.536284897806607,1.1164079567145866,1.1164079567145866,0.5325573279798307,0.5325573279798307,0.017525677934840875,0.017525677934840875,135.0,135.0,random_001,dave2_gru_20251221_193038,2025-12-21T19:30:38,4,udacity,random_001,robustness,0,cte,1.554862962962963,1.554862962962963,3.72838,3.72838
40.70348794520548,40.70348794520548,104.3037,104.3037,0.2859627397260274,0.2859627397260274,0.69062,0.69062,0031_00,0,0031,365,0,genroads,dave2_gru,0,splatter_mapping,0.047015686965947955,0.047015686965947955,0.10061151977094547,0.10061151977094547,0.04575667187987351,0.04575667187987351,0.003976096069976075,0.003976096069976075,365.0,365.0,random_001,dave2_gru_20251221_193038,2025-12-21T19:30:38,2,udacity,random_001,robustness,0,cte,0.2859627397260274,0.2859627397260274,0.69062,0.69062
49.37421470588236,49.37421470588236,104.56445,104.56445,0.7050919117647059,0.7050919117647059,2.8005750000000003,2.8005750000000003,0031_01,1,0031,136,0,genroads,dave2_gru,0,splatter_mapping,0.16000430363029894,0.16000430363029894,1.0730341595004034,1.0730341595004034,0.1546929405817269,0.1546929405817269,0.011055423768565935,0.011055423768565935,136.0,136.0,random_001,dave2_gru_20251221_193038,2025-12-21T19:30:38,4,udacity,random_001,robustness,0,cte,0.7050919117647059,0.7050919117647059,2.8005750000000003,2.8005750000000003
48.93584761904762,48.93584761904762,112.47934,112.47934,0.6985619047619047,0.6985619047619047,2.42731,2.42731,0032_00,0,0032,147,0,genroads,dave2_gru,0,dotted_lines_mapping,0.13919974933857676,0.13919974933857676,1.0305705134501917,1.0305705134501917,0.13344194993636488,0.13344194993636488,0.011285303350614041,0.011285303350614041,147.0,147.0,random_001,dave2_gru_20251221_193038,2025-12-21T19:30:38,2,udacity,random_001,robustness,0,cte,0.6985619047619047,0.6985619047619047,2.42731,2.42731
48.51493669064748,48.51493669064748,114.64578,114.64578,0.7363323741007194,0.7363323741007194,2.5696199999999996,2.5696199999999996,0032_01,1,0032,139,0,genroads,dave2_gru,0,dotted_lines_mapping,0.139599289971252,0.139599289971252,0.7436920120246173,0.7436920120246173,0.13372750799489885,0.13372750799489885,0.011529900026407173,0.011529900026407173,139.0,139.0,random_001,dave2_gru_20251221_193038,2025-12-21T19:30:38,4,udacity,random_001,robustness,0,cte,0.7363323741007194,0.7363323741007194,2.5696199999999996,2.5696199999999996
20.000579120879117,20.000579120879117,101.96010000000001,101.96010000000001,0.377043956043956,0.377043956043956,2.33155,2.33155,0033_00,0,0033,91,0,genroads,dave2_gru,0,zigzag_mapping,0.8921747834085225,0.8921747834085225,1.4229870183142916,1.4229870183142916,0.8910492547777492,0.8910492547777492,0.017347066120786982,0.017347066120786982,91.0,91.0,random_001,dave2_gru_20251221_193038,2025-12-21T19:30:38,2,udacity,random_001,robustness,0,cte,0.377043956043956,0.377043956043956,2.33155,2.33155
45.19589731543624,45.19589731543624,113.16162,113.16162,0.5841161073825504,0.5841161073825504,2.093439999999999,2.093439999999999,0033_01,1,0033,149,0,genroads,dave2_gru,0,zigzag_mapping,0.12014612744070777,0.12014612744070777,1.0481590483239833,1.0481590483239833,0.1143846252117456,0.1143846252117456,0.010486367864896788,0.010486367864896788,149.0,149.0,random_001,dave2_gru_20251221_193038,2025-12-21T19:30:38,4,udacity,random_001,robustness,0,cte,0.5841161073825504,0.5841161073825504,2.093439999999999,2.093439999999999
46.70062928571429,46.70062928571429,106.1899449999998,106.1899449999998,0.5487421428571428,0.5487421428571428,1.4478999999999997,1.4478999999999997,0034_00,0,0034,140,0,genroads,dave2_gru,0,canny_edges_mapping,0.09053178720672143,0.09053178720672143,0.28492632734469725,0.28492632734469725,0.08362574129818573,0.08362574129818573,0.01092454945402486,0.01092454945402486,140.0,140.0,random_001,dave2_gru_20251221_193038,2025-12-21T19:30:38,2,udacity,random_001,robustness,0,cte,0.5487421428571428,0.5487421428571428,1.4478999999999997,1.4478999999999997
44.19225802752294,44.19225802752294,93.4638,93.4638,0.22295183486238526,0.22295183486238526,0.543725,0.543725,0034_01,1,0034,436,1,genroads,dave2_gru,0,canny_edges_mapping,0.025775006987937533,0.025775006987937533,0.0693116425561334,0.0693116425561334,0.023131127968011853,0.023131127968011853,0.005358429147152725,0.005358429147152725,436.0,436.0,random_001,dave2_gru_20251221_193038,2025-12-21T19:30:38,4,udacity,random_001,robustness,0,cte,0.22295183486238526,0.22295183486238526,0.543725,0.543725
58.78765652173913,58.78765652173913,108.1517,108.1517,1.1561927536231886,1.1561927536231886,3.6338399999999993,3.6338399999999993,0035_00,0,0035,69,0,genroads,dave2_gru,0,translate_image,0.6082760321337879,0.6082760321337879,0.948698508340635,0.948698508340635,0.6072075510114108,0.6072075510114108,0.019844707155573196,0.019844707155573196,69.0,69.0,random_001,dave2_gru_20251221_193038,2025-12-21T19:30:38,2,udacity,random_001,robustness,0,cte,1.1561927536231886,1.1561927536231886,3.6338399999999993,3.6338399999999993
58.80205,58.80205,113.81114999999998,113.81114999999998,1.1878295918367348,1.1878295918367348,2.722425,2.722425,0035_01,1,0035,98,0,genroads,dave2_gru,0,translate_image,0.4307442134700812,0.4307442134700812,1.12687434719569,1.12687434719569,0.42526332041894904,0.42526332041894904,0.04809938918571083,0.04809938918571083,98.0,98.0,random_001,dave2_gru_20251221_193038,2025-12-21T19:30:38,4,udacity,random_001,robustness,0,cte,1.1878295918367348,1.1878295918367348,2.722425,2.722425
53.80887417218542,53.80887417218542,107.46315,107.46315,0.8060099337748344,0.8060099337748344,2.2746500000000003,2.2746500000000003,0036_00,0,0036,151,0,genroads,dave2_gru,0,scale_image,0.22780939671842598,0.22780939671842598,1.0649043152584952,1.0649043152584952,0.22347250704604218,0.22347250704604218,0.019827311698174633,0.019827311698174633,151.0,151.0,random_001,dave2_gru_20251221_193038,2025-12-21T19:30:38,2,udacity,random_001,robustness,0,cte,0.8060099337748344,0.8060099337748344,2.2746500000000003,2.2746500000000003
35.07079074074074,35.07079074074074,116.67411499999997,116.67411499999997,0.7937962962962962,0.7937962962962962,2.186939999999997,2.186939999999997,0036_01,1,0036,108,0,genroads,dave2_gru,0,scale_image,0.9816894311652627,0.9816894311652627,1.1480853141807312,1.1480853141807312,0.981068092484579,0.981068092484579,0.021692113812874864,0.021692113812874864,108.0,108.0,random_001,dave2_gru_20251221_193038,2025-12-21T19:30:38,4,udacity,random_001,robustness,0,cte,0.7937962962962962,0.7937962962962962,2.186939999999997,2.186939999999997
39.63014895104895,39.63014895104895,106.84747,106.84747,0.5592496503496505,0.5592496503496505,2.994000000000001,2.994000000000001,0037_00,0,0037,143,0,genroads,dave2_gru,0,dynamic_object_overlay,0.10500097880792528,0.10500097880792528,0.8962278064264535,0.8962278064264535,0.10092831268971517,0.10092831268971517,0.009182020292415485,0.009182020292415485,143.0,143.0,random_001,dave2_gru_20251221_193038,2025-12-21T19:30:38,2,udacity,random_001,robustness,0,cte,0.5592496503496505,0.5592496503496505,2.994000000000001,2.994000000000001
52.59189680365297,52.59189680365297,104.64823,104.64823,0.7379689497716896,0.7379689497716896,2.4293299999999993,2.4293299999999993,0037_01,1,0037,219,0,genroads,dave2_gru,0,dynamic_object_overlay,0.13935485884904814,0.13935485884904814,1.2330402340249884,1.2330402340249884,0.13590728881509473,0.13590728881509473,0.008931241079008199,0.008931241079008199,219.0,219.0,random_001,dave2_gru_20251221_193038,2025-12-21T19:30:38,4,udacity,random_001,robustness,0,cte,0.7379689497716896,0.7379689497716896,2.4293299999999993,2.4293299999999993
39.22611595505618,39.22611595505618,98.95687999999997,98.95687999999997,0.15968269662921347,0.15968269662921347,0.43216,0.43216,0038_00,0,0038,445,1,genroads,dave2_gru,0,static_object_overlay,0.021114862960362406,0.021114862960362406,0.054158395745207845,0.054158395745207845,0.019954183716536237,0.019954183716536237,0.003119947568754132,0.003119947568754132,445.0,445.0,random_001,dave2_gru_20251221_193038,2025-12-21T19:30:38,2,udacity,random_001,robustness,0,cte,0.15968269662921347,0.15968269662921347,0.43216,0.43216
50.25058162162162,50.25058162162162,110.43437999999998,110.43437999999998,1.0059367567567568,1.0059367567567568,3.4438799999999996,3.4438799999999996,0038_01,1,0038,185,0,genroads,dave2_gru,0,static_object_overlay,0.18534386214712012,0.18534386214712012,0.9352532860408552,0.9352532860408552,0.18225779537161862,0.18225779537161862,0.008578155813990412,0.008578155813990412,185.0,185.0,random_001,dave2_gru_20251221_193038,2025-12-21T19:30:38,4,udacity,random_001,robustness,0,cte,1.0059367567567568,1.0059367567567568,3.4438799999999996,3.4438799999999996
